week,bookings,psi,status,single_week_psi,top_decile_share,flagged_share,mean_probability,observed_cancellation_rate,realised_recall,realised_precision
2017-02-06,1026,0.0738,ok,0.0738,0.0585,0.5205,0.3379,0.3548,0.7363,0.5019
2017-02-13,1344,0.0760,ok,0.1382,0.0290,0.4658,0.3032,0.3118,0.6874,0.4601
2017-02-20,1276,0.4761,alert,0.7893,0.0000,0.4318,0.2622,0.2688,0.6851,0.4265
2017-02-27,921,0.3731,alert,0.2696,0.0087,0.4853,0.2913,0.2790,0.7082,0.4072
2017-03-06,962,0.2199,warn,0.1839,0.0177,0.4927,0.3050,0.3108,0.7525,0.4747
2017-03-13,718,0.2775,alert,0.7900,0.0000,0.4861,0.2908,0.2939,0.7014,0.4241
2017-03-20,684,0.2707,alert,0.7586,0.0000,0.4401,0.2697,0.3275,0.7143,0.5316
2017-03-27,764,0.3754,alert,0.2680,0.0079,0.5105,0.3114,0.3037,0.8147,0.4846
2017-04-03,693,0.3689,alert,0.7456,0.0000,0.5397,0.3205,0.2872,0.7839,0.4171
2017-04-10,424,0.3667,alert,0.7514,0.0000,0.3939,0.2616,0.2830,0.6917,0.4970
2017-04-17,663,0.3514,alert,0.3293,0.0060,0.4691,0.2938,0.3333,0.7149,0.5080
2017-04-24,781,0.4197,alert,0.7578,0.0000,0.4789,0.2987,0.3175,0.7823,0.5187
2017-05-01,788,0.2118,warn,0.1390,0.0305,0.5000,0.3209,0.3261,0.7198,0.4695
2017-05-08,736,0.2200,warn,0.7448,0.0000,0.4239,0.2663,0.2826,0.6683,0.4455
2017-05-15,622,0.2232,warn,0.7707,0.0000,0.4277,0.2828,0.3199,0.6583,0.4925
2017-05-22,483,0.5719,alert,0.4392,0.0021,0.4058,0.2701,0.2526,0.7049,0.4388
2017-05-29,505,0.5873,alert,0.8423,0.0000,0.3366,0.2454,0.2515,0.5433,0.4059
2017-06-05,346,0.5934,alert,0.8031,0.0000,0.3902,0.2740,0.2803,0.6598,0.4741
2017-06-12,307,0.6087,alert,0.8164,0.0000,0.3583,0.2536,0.2834,0.6552,0.5182
2017-06-19,382,0.6134,alert,0.8105,0.0000,0.3613,0.2631,0.2670,0.6078,0.4493
2017-06-26,391,0.7889,alert,0.8392,0.0000,0.3760,0.2671,0.2660,0.5481,0.3878
2017-07-03,390,0.7955,alert,0.8205,0.0000,0.4051,0.2763,0.2974,0.6552,0.4810
2017-07-10,402,0.7894,alert,0.8056,0.0000,0.4005,0.2726,0.3010,0.6860,0.5155
2017-07-17,259,0.7953,alert,0.8245,0.0000,0.3822,0.2726,0.2548,0.5152,0.3434
2017-07-24,202,0.6367,alert,0.4514,0.0050,0.3218,0.2554,0.1782,0.5556,0.3077
2017-07-31,249,0.6296,alert,0.8128,0.0000,0.4779,0.2887,0.2088,0.6154,0.2689
2017-08-07,204,0.6305,alert,0.8968,0.0000,0.3480,0.2742,0.1961,0.5750,0.3239
