bookings,mean_predicted,observed_rate,score
1684,0.04287741953413074,0.021377672209026127,uncalibrated risk score
1684,0.11089036206258009,0.07600950118764846,uncalibrated risk score
1683,0.18575466753769074,0.15210932857991682,uncalibrated risk score
1684,0.25643536442691467,0.20783847980997625,uncalibrated risk score
1683,0.31661505328155015,0.25727866904337493,uncalibrated risk score
1683,0.3710572095093685,0.32679738562091504,uncalibrated risk score
1683,0.42925160741263013,0.3808674985145573,uncalibrated risk score
1684,0.5018884655232656,0.4168646080760095,uncalibrated risk score
1683,0.6147943608505484,0.47237076648841353,uncalibrated risk score
1684,0.8124339098044027,0.6039192399049881,uncalibrated risk score
1812,0.02751007656384425,0.024282560706401765,isotonic probability
1562,0.04729572179228441,0.07746478873239436,isotonic probability
2258,0.16878943583766437,0.15677590788308238,isotonic probability
1168,0.2103597184201524,0.23544520547945205,isotonic probability
1630,0.24356619524610268,0.252760736196319,isotonic probability
1899,0.33378691143767425,0.3328067403896788,isotonic probability
1472,0.3558697049303405,0.3797554347826087,isotonic probability
2916,0.4376458607520671,0.43415637860082307,isotonic probability
783,0.5027029459332943,0.5185185185185185,isotonic probability
1335,0.6523918716357238,0.6284644194756555,isotonic probability
